ID,Nombre,Mitologia,Tipo,Era,Coste,Fuerza,Poder,Claves,Texto - Habilidades,Leyenda,URL-IMG,URL-IMG-BACK
0001,Yomi,Japonesa,Panteón,Era I,,,20,,INFLUENCIA: Elimina 2P; elimina 2P de la reserva de un contrario.,,GDM/Japoneses/Yomi.png,
0002,Takamagahara,Japonesa,Panteón,Era I,,,18,,INFLUENCIA: Cansa a tu personaje japonés gana 1P en él y elimina 1P de un personaje enemigo.,,GDM/Japoneses/Takamagahara.png,
0003,Amenoukihashi,Japonesa,Panteón,Era I,,,19,,INFLUENCIA: Da -1PM permanente a un personaje enemigo.,"Al rehusar a Iwanaga; tu vida será breve de ahora en adelante - Yamatumi",GDM/Japoneses/Amenoukihashi.png,
0004,Hachiman,Japonesa,Personaje,Era I,8,5,9,Dios · Demonio · Fuego,ENFRENTAMIENTO: Destruye a tu mortal; destruye a un mortal enemigo.,,GDM/Japoneses/Hachiman.png,
0005,Amaterasu,Japonesa,Personaje,Era I,7,4,9,Diosa · Sol · Fuego,INFLUENCIA: Elimina 1P de amaterasu gana 2P.,,GDM/Japoneses/Amaterasu.png,
0006,Ame-no-mi Kurami,Japonesa,Personaje,Era I,6,3,8,Diosa · Invocadora · Agua,ENFRENTAMIENTO: Elimina 1P de Ame-no-mi Kurami; mueve a un enemigo a su panteón.,,GDM/Japoneses/Ame-no-mi Kurami.png,
0007,Otengu,Japonesa,Personaje,Era I,4,2,6,Demonio · Único,ENFRENTAMIENTO: Gana 1P por cada personaje en tu ejercito (Máximo 5).,,GDM/Japoneses/Otengu.png,
0008,Yasutaki,Japonesa,Personaje,Era I,2,0,4,Shoei · Invocador,ENFRENTAMIENTO: Elimina 1P de Yasutaki; gana 2P en tu personaje japonés en un oráculo.,,GDM/Japoneses/Yasutaki.png,
0009,Koitashi,Japonesa,Personaje,Era I,5,3,5,Samurai · Ronin,"INFLUENCIA: Da +1F a tus personajes con la clave ""Ashigaru"".",,GDM/Japoneses/Koitashi.png,
0010,Masakado,Japonesa,Personaje,Era I,2,1,3,Ashigaru,Cuesta 1P menos para Takamagahara. INFLUENCIA: Elimina 1P de Masakado; prepara a este personaje (esta habilidad puede usarse aunque esté cansado).,,GDM/Japoneses/Masakado.png,
0011,Takami-musubi,Japonesa,Personaje,Era I,5,3,7,Dios · Invocador · Aire,INFLUENCIA: Prepara a tu personaje Japonés.,,GDM/Japoneses/Takami-musubi.png,
0012,Sasuke,Japonesa,Personaje,Era I,3,1,3,Shinobi · Invocador,ENFRENTAMIENTO: Si Sasuke ya estuvo en el campo de batalla este turno; muévelo al campo de batalla.,,GDM/Japoneses/Sasuke.png,
0013,Aji-suki-taka-hi-kone,Japonesa,Personaje,Era I,7,4,9,Dios · Trueno,ENFRENTAMIENTO: Cansa a Aji-suki-taka-hi-kone; cansa a dos personajes enemigos.,,GDM/Japoneses/Aji-suki-taka-hi-kone.png,
0014,Inari,Japonesa,Personaje,Era I,6,3,7,Diosa · Invocadora · Agua,"Tus personajes con la clave ""Ashigaru"" tienen +1PM. INFLUENCIA: Elimina 1P de Inari; crea un personaje (""Espíritu Kitsune"" 1F, 2PM y 1p).",,GDM/Japoneses/Inari.png,
0015,Nobunaka,Japonesa,Personaje,Era I,1,1,3,Ashigaru,,,GDM/Japoneses/Nobunaka.png,
0016,Houou,Japonesa,Personaje,Era I,4,2,4,Criatura · Fuego,No puede ser destruido. ENFRENTAMIENTO: Elimina 1P en un personaje enemigo.,,GDM/Japoneses/Houou.png,
0017,Ame-no-oshido-mimi,Japonesa,Personaje,Era I,4,2,6,Dios · Invocador · Tierra,ENFRENTAMIENTO: Da -2F a un personaje enemigo.,,GDM/Japoneses/Ame-no-oshido-mimi.png,
0018,Susanoo,Japonesa,Personaje,Era I,4,2,6,Dios · Guerrero,ENFRENTAMIENTO: Elimina 1P de Susanoo; gana 2F,,GDM/Japoneses/Susanoo.png,
0019,Midori,Japonesa,Personaje,Era I,0,0,2,Invocadora · Ashigaru,,,GDM/Japoneses/Midori.png,
0020,Karasu Tengu,Japonesa,Personaje,Era I,3,1,5,Demonio,INFLUENCIA: Elimina 1P de Karasu Tengu; elimina 1P de la reserva de su oponente.,,GDM/Japoneses/Karasu Tengu.png,
0021,Yama-uba,Japonesa,Personaje,Era I,3,1,4,Demonio · Invocadora · Única,INFLUENCIA: Elimina 2P de tu personaje; gana 2P.,,GDM/Japoneses/Yama-uba.png,
0022,Asgard,Nórdica,Panteón,Era I,,,18,,INFLUENCIA: Gana 2P en tu personaje nórdico en un oráculo.,,GDM/Nordicos/Asgard.png,
0023,Niflheim,Nórdica,Panteón,Era I,,,19,,INFLUENCIA: Da +1F a tus guerreros nórdicos.,,GDM/Nordicos/Niflheim.png,
0024,Odín,Nórdica,Personaje,Era I,8,5,9,Dios · Guerrero · Invocador,INFLUENCIA: Prepara a tu personaje Nórdico.,,GDM/Nordicos/Odín.png,
0025,Thor,Nórdica,Personaje,Era I,7,4,9,Dios · Guerrero · Trueno,"INFLUENCIA: Cansa Thor; busca ""Mjolnir"" en el mazo de designios y equípaselo. ENFRENTAMIENTO: Cansa a un personaje enemigo.",,GDM/Nordicos/Thor.png,
0026,Loki,Nórdica,Personaje,Era I,7,4,9,Dios,ENFRENTAMIENTO: Si Loki está en tu panteón; muévelo al campo de batalla.,,GDM/Nordicos/Loki.png,
0027,Tyr,Nórdica,Personaje,Era I,6,3,8,Dios · Guerrero,ENFRENTAMIENTO: Da +1F a cada uno de tus guerreros.,,GDM/Nordicos/Tyr.png,
0028,Hela,Nórdica,Personaje,Era I,5,2,7,Diosa · Demonio · invocadora,INFLUENCIA: Elimina 2P de Hela; mueve a tu personaje mortal de tu descarte a tu panteón.,,GDM/Nordicos/Hela.png,
0029,Dvrger,Nórdica,Personaje,Era I,4,2,4,Guerrero · Dvärgar,Dvrguer no puede ser movido del campo de batalla.,,GDM/Nordicos/Dvrger.png,
0030,Eir,Nórdica,Personaje,Era I,4,1,6,Diosa · Invocadora · Valkiria,INFLUENCIA: Gana 1P en tu personaje.,,GDM/Nordicos/Eir.png,
0031,Ymir,Nórdica,Personaje,Era I,4,2,4,Jotun · Demonio,ENFRENTAMIENTO: Cansa a un enemigo.,,GDM/Nordicos/Ymir.png,
0032,Sigrun,Nórdica,Personaje,Era I,3,1,5,Guerrera · Valkiria,ENFRENTAMIENTO: Destruye a un mortal agotado.,,GDM/Nordicos/Sigrun.png,
0033,Baldr,Nórdica,Personaje,Era I,4,3,6,Dios · Guerrero,ENFRENTAMIENTO: Elimina 1P de Baldr; mueve a tu personaje al campo de batalla.,,GDM/Nordicos/Baldr.png,
0034,Fenrir,Nórdica,Personaje,Era I,3,3,5,Criatura,No puede equiparse armas.,,GDM/Nordicos/Fenrir.png,
0035,Daínn,Nórdica,Personaje,Era I,3,1,3,Svartálfar,INFLUENCIA: Prepara a Daínn (Puede usarse si esta cansado).,,GDM/Nordicos/Daínn.png,
0036,Surtur,Nórdica,Personaje,Era I,4,2,6,Gigante,INFLUENCIA: Elimina 1P en un personaje enemigo.,,GDM/Nordicos/Surtur.png,
0037,Frigg,Nórdica,Personaje,Era I,3,1,5,Diosa · Invocadora · Vidente,INFLUENCIA: Mira la primera carta de tu mazo de designios; puedes ponerla debajo del mazo.,,GDM/Nordicos/Frigg.png,
0038,Groa,Nórdica,Personaje,Era I,0,0,2,Invocadora · Volva,,,GDM/Nordicos/Groa.png,
0039,Harald,Nórdica,Personaje,Era I,1,1,3,Berserker · Guerrero,,,GDM/Nordicos/Harald.png,
0040,Heimdall,Nórdica,Personaje,Era I,6,3,7,Dios · Guardián,ENFRENTAMIENTO: Elimina 2P de Heimdall; gana 3P.,,GDM/Nordicos/Heimdall.png,
0041,Thorey,Nórdica,Personaje,Era I,4,1,6,Valkiria · Guerrera,"INFLUENCIA: Da +1F a todos tus personajes con la clave ""valkiria"".",,GDM/Nordicos/Thorey.png,
0042,Olimpo,Griega,Panteón,Era I,,,18,,ENFRENTAMIENTO: Gana 1P en uno de tus personajes griegos y dale +1F.,,GDM/Griegos/Olimpo.png,GDM/Traseras/TraseraAzul.png
0043,Atlántida,Griega,Panteón,Era I,,,22,,Al final de la fase de reorganización elimina 1P de tu reserva. INFLUENCIA: Da +1F a tus armas equipadas.,,GDM/Griegos/Atlántida.png,GDM/Traseras/TraseraAzul.png
0044,Zeus,Griega,Personaje,Era I,8,5,9,Dios · Invocador · Trueno,INFLUENCIA: Cansa a un personaje enemigo.,,GDM/Griegos/Zeus.png,GDM/Traseras/TraseraMarron.png
0045,Hades,Griega,Personaje,Era I,6,4,8,Dios · Demonio · Invocador,INFLUENCIA: Elimina 1P de Hades; crea un espíritu (personaje 1F/2PM) y gana 1P en él.,,GDM/Griegos/Hades.png,GDM/Traseras/TraseraMarron.png
0046,Ares,Griega,Personaje,Era I,4,3,6,Dios · Guerrero,"INFLUENCIA: Da la clave ""Guerrero"" o ""Heroe"" a uno de tus personajes. Si es griego la clave es permanente.",,GDM/Griegos/Ares.png,GDM/Traseras/TraseraMarron.png
0047,Poseidón,Griega,Personaje,Era I,7,4,9,Dios · Agua,INFLUENCIA: Cansa a Poseidón; busca El Tridente en el mazo de designios. ENFRENTAMIENTO: Elimina 1P de un personaje enemigo.,,GDM/Griegos/Poseidón.png,GDM/Traseras/TraseraMarron.png
0048,Eros,Griega,Personaje,Era I,4,1,6,Dios,INFLUENCIA: Elimina 1P de un personaje enemigo.,,GDM/Griegos/Eros.png,GDM/Traseras/TraseraMarron.png
0049,Minotauro,Griega,Personaje,Era I,4,2,4,Criatura,ENFRENTAMIENTO: Da -1F a dos personajes enemigos.,,GDM/Griegos/Minotauro.png,GDM/Traseras/TraseraMarron.png
0050,Puk,Griega,Personaje,Era I,5,0,5,Único · Sátiro,ENFRENTAMIENTO: Elimina 1P de Puk; toma el control sobre un personaje enemigo hasta que juegues tu siguiente acción o devuélvero antes de la resolución del enfrentamiento.,,GDM/Griegos/Puk.png,GDM/Traseras/TraseraMarron.png
0051,Quirón,Griega,Personaje,Era I,3,1,5,Único · Sátiro,"INFLUENCIA: Da +1F a tus personajes con la clave ""Héroe"".",,GDM/Griegos/Quirón.png,GDM/Traseras/TraseraMarron.png
0052,Dionisio,Griega,Personaje,Era I,6,3,7,Dios · Vino,INFLUENCIA: Gana 2P en tu personaje mortal.,,GDM/Griegos/Dionisio.png,GDM/Traseras/TraseraMarron.png
0053,Ulises,Griega,Personaje,Era I,4,2,5,Héroe · Guerrero,ENFRENTAMIENTO: Cansa a Ulises; mueve a tu personaje del panteón al campo de batalla.,,GDM/Griegos/Ulises.png,GDM/Traseras/TraseraMarron.png
0054,Apolo,Griega,Personaje,Era I,6,3,8,Dios · Sol · Guerrero,ENFRENTAMIENTO: Da +1F a todos tus guerreros.,,GDM/Griegos/Apolo.png,GDM/Traseras/TraseraMarron.png
0055,Perseo,Griega,Personaje,Era I,4,2,6,Héroe · Guerrero,ENFRENTAMIENTO: Elimina 1P de un personaje enemigo.,,GDM/Griegos/Perseo.png,GDM/Traseras/TraseraMarron.png
0056,Atenea,Griega,Personaje,Era I,4,0,5,Diosa · Invocadora,INFLUENCIA: Da +1F permanente a tu personaje griego.,,GDM/Griegos/Atenea.png,GDM/Traseras/TraseraMarron.png
0057,Hefesto,Griega,Personaje,Era I,7,3,9,Dios · Guerrero,INFLUENCIA: Crea un arma +1F/+1PM y equípasela a tu personaje griego. INFLUENCIA: Gana 1P en una Herreria en tu oráculo.,,GDM/Griegos/Hefesto.png,GDM/Traseras/TraseraMarron.png
0058,Heracles,Griega,Personaje,Era I,1,1,3,Héroe · Guerrero,,,GDM/Griegos/Heracles.png,GDM/Traseras/TraseraMarron.png
0059,Pitia,Griega,Personaje,Era I,0,0,2,Invocadora,,,GDM/Griegos/Pitia.png,GDM/Traseras/TraseraMarron.png
0060,Teseo,Griega,Personaje,Era I,3,1,3,Héroe · Guerrero,ENFRENTAMIENTO: Elimina bonos y penalizadores de fuerza de un personaje.,,GDM/Griegos/Teseo.png,GDM/Traseras/TraseraMarron.png
0061,Mitclan,Azteca,Panteón,Era I,,,20,,INFLUENCIA: Elimina la habilidad del panteón de un contrario.,,GDM/Aztecas/Mitclan.png,
0062,Tlálocan,Azteca,Panteón,Era I,,,18,,INFLUENCIA: Elimina 2P de tu personaje azteca gana 2P.,,GDM/Aztecas/Tlálocan.png,
0063,Tezcalipoca,Azteca,Personaje,Era I,3,1,4,Demonio · Invocador · Único,INFLUENCIA: Crea un nuevo oráculo con tu personaje descartado.,,GDM/Aztecas/Tezcalipoca.png,
0064,Chicomecoatl,Azteca,Personaje,Era I,4,2,6,Diosa,"ENFRENTAMIENTO: Cansa a Chicomecoatl, el oponente elimina 1P por cada acción de enfrentamiento que realice hasta el final de este enfrentamiento.",,GDM/Aztecas/Chicomecoatl.png,
0065,Arvad,Azteca,Personaje,Era I,2,4,2,Criatura,"Si es el único personaje en su ejército, tiene fuerza 0.",,GDM/Aztecas/Arvad.png,
0066,Mictlantecuhtli,Azteca,Personaje,Era I,5,3,7,Demonio · Único,ENFRENTAMIENTO: Destruye un mortal eliminando tanto poder como su poder actual.,,GDM/Aztecas/Mictlantecuhtli.png,
0067,Huitzilopochtli,Azteca,Personaje,Era I,7,4,9,Dios · Guerrero,INFLUENCIA: Copia la habilidad de cualquier personaje hasta final de turno.,,GDM/Aztecas/Huitzilopochtli.png,
0068,Chalchiuhtlicue,Azteca,Personaje,Era I,7,4,9,Diosa · Agua · Invocadora,INFLUENCIA: Elimina 2P de Chalchiuhtkicue; elige un personaje enemigo que no puede asignarse este turno.,,GDM/Aztecas/Chalchiuhtlicue.png,
0069,Coatlicue,Azteca,Personaje,Era I,8,5,9,Diosa · Invocadora,ENFRENTAMIENTO: Destruye a tu mortal; gana P igual a su poder máximo.,,GDM/Aztecas/Coatlicue.png,
0070,Kadru,Azteca,Personaje,Era I,2,1,2,Criatura,ENFRENTAMIENTO: Gana 1P.,,GDM/Aztecas/Kadru.png,
0071,Acampichtli,Azteca,Personaje,Era I,4,2,4,Invocador,ENFRENTAMIENTO: Prepara a tu personaje Azteca.,,GDM/Aztecas/Acampichtli.png,
0072,Xochiquetzal,Azteca,Personaje,Era I,6,3,7,Diosa,ENFRENTAMIENTO: Elimina 1P de Xochiquetzal; destruye un equipo.,,GDM/Aztecas/Xochiquetzal.png,
0073,Xiuhtecuhtli,Azteca,Personaje,Era I,6,4,8,Dios · Guerrero · Fuego,INFLUENCIA: Elimina 1P de un personaje enemigo; gana 1P en tu personaje azteca.,,GDM/Aztecas/Xiuhtecuhtli.png,
0074,Quetzalcóatl,Azteca,Personaje,Era I,4,2,6,Dios,INFLUENCIA: Elimina 1P de Quetzakcóatl; roba una carta.,,GDM/Aztecas/Quetzalcóatl.png,
0075,Tlazolteotl,Azteca,Personaje,Era I,5,2,7,Diosa,"ENFRENTAMIENTO: Elimina 1P de Tlazolteotl, da a cada una de las personalidades en el campo de batalla -1F.",,GDM/Aztecas/Tlazolteotl.png,
0076,Ueman,Azteca,Personaje,Era I,1,1,3,Guerrero · Águila,,,GDM/Aztecas/Ueman.png,
0077,Ocelotl,Azteca,Personaje,Era I,3,1,3,Guerrero · Jaguar,ENFRENTAMIENTO: Prepara a Ocelotl (Puede usarse si está cansado).,,GDM/Aztecas/Ocelotl.png,
0078,Tlaloc,Azteca,Personaje,Era I,3,0,5,Demonio · Trueno · Tierra,ENFRENTAMIENTO: Cansa a un personaje enemigo.,,GDM/Aztecas/Tlaloc.png,
0079,Ollin,Azteca,Personaje,Era I,2,0,4,Invocador · Chaman,ENFRENTAMIENTO: Gana 1P en tu personaje azteca.,,GDM/Aztecas/Ollin.png,
0080,Nut,Egipcia,Panteón,Era I,,,18,,INFLUENCIA: Pon debajo de uno de tus oráculos un evento descartado de otro jugador. (La próxima vez que sea descartado vuelve al descarte de su propietario).,,GDM/Egipcios/Nut.png,
0081,Duat,Egipcia,Panteón,Era I,,,19,,INFLUENCIA: Elimina 2P; descarta todas las cartas de un oráculo de un jugador con igual o mayor número de oráculos que tu.,,GDM/Egipcios/Duat.png,
0082,Ra,Egipcia,Personaje,Era I,8,5,9,Dios · Sol · Invocador,INFLUENCIA: Cansa y agota a tu mortal; da a Ra tanto P y F como poder has eliminado de tu mortal.,,GDM/Egipcios/Ra.png,
0083,Carnófago,Egipcia,Personaje,Era I,4,2,4,Criatura,"ENFRENTAMIENTO: Agota a carnofago; crea tantos personajes (""Criatura"" 1F/0PM/1P) como poder eliminaste. Destrúyelos al final del enfrentamiento.",,GDM/Egipcios/Carnófago.png,
0084,Cleopatra,Egipcia,Personaje,Era I,3,0,5,Reina,INFLUENCIA: Gana 1P en tu personaje.,,GDM/Egipcios/Cleopatra.png,
0085,Rey Escorpión,Egipcia,Personaje,Era I,4,2,6,Guerrero · Constructor,"ENFRENTAMIENTO: Dale +1F por cada recurso en tu panteón, máximo 3.",,GDM/Egipcios/Rey Escorpión.png,
0086,Anubis,Egipcia,Personaje,Era I,6,3,6,Dios · Demonio,INFLUENCIA: Cansa una invocación.,,GDM/Egipcios/Anubis.png,
0087,Seth,Egipcia,Personaje,Era I,7,3,9,Dios · Demonio,INFLUENCIA: Cansa un recurso enemigo.,,GDM/Egipcios/Seth.png,
0088,Isis,Egipcia,Personaje,Era I,6,3,8,Dios · Invocadora,INFLUENCIA: Elimina 1P (de tu reserva); elimina 1P de las reservas contrarias.,,GDM/Egipcios/Isis.png,
0089,Horus,Egipcia,Personaje,Era I,5,3,7,Dios · Guerrero,ENFRENTAMIENTO: Elimina 2P de un personaje.,,GDM/Egipcios/Horus.png,
0090,Hator,Egipcia,Personaje,Era I,4,2,6,Diosa · Invocadora,ENFRENTAMIENTO: Agota a Hator; gana tantos P como eliminastes repartidos entre los personajes de tu ejército.,,GDM/Egipcios/Hator.png,
0091,Thot,Egipcia,Personaje,Era I,5,3,7,Dios · Alquimista · Constructor,INFLUENCIA: Elimina 1P de Thot; gana 2P en un recurso en tu oráculo.,,GDM/Egipcios/Thot.png,
0092,Upuat,Egipcia,Personaje,Era I,5,3,7,Dios · Guerrero,"ENFRENTAMIENTO: Elimina 1P de Upuat; mueve un personaje al campo de batalla, en este momento su controlador debe decidir que ejercito lo controla.",,GDM/Egipcios/Upuat.png,
0093,Bastet,Egipcia,Personaje,Era I,5,2,7,Diosa,INFLUENCIA: Elimina hasta 2P de un oráculo.,,GDM/Egipcios/Bastet.png,
0094,Osiris,Egipcia,Personaje,Era I,7,4,9,Dios,INFLUENCIA: Elimina 1P de Osiris; mueve a tu panteón un mortal en un oráculo.,,GDM/Egipcios/Osiris.png,
0095,Ramses II,Egipcia,Personaje,Era I,6,3,7,Dios · Faraón,ENFRENTAMIENTO: Elimina 1P de todos los personajes con menos PM que Ramsés II.,,GDM/Egipcios/Ramses II.png,
0096,Imhotep,Egipcia,Personaje,Era I,3,1,4,Invocador · Constructor,"INFLUENCIA: Gana 1P en Imhotep por cada recurso en tu panteón, máximo 3.",,GDM/Egipcios/Imhotep.png,
0097,Milo,Egipcia,Personaje,Era I,0,0,2,Invocador · Esclavo,,,GDM/Egipcios/Milo.png,
0098,Nitocris,Egipcia,Personaje,Era I,1,1,3,Reina · Invocadora,,,GDM/Egipcios/Nitocris.png,
0099,Tutankamón,Egipcia,Personaje,Era I,4,2,6,Guerrero · Faraón,INFLUENCIA: Mira la primera carta de un oráculo; si es un evento descártala.,,GDM/Egipcios/Tutankamón.png,
0100,R'lyeh,Primigenia,Panteón,Era I,,,18,,INFLUENCIA: Crea un Sectario - Loco 0F/0P/1PM,,GDM/Primigenios/R'lyeh.png,
0101,k'nyan,Primigenia,Panteón,Era I,,,19,,INFLUENCIA: Cansa un recurso contrario.,,GDM/Primigenios/k'nyan.png,
0102,Cthulhu,Primigenia,Personaje,Era I,8,5,9,Dios · Primigenio,INFLUENCIA: Destruye tu mortal; elimina permanente el texto de un panteón.,,GDM/Primigenios/Cthulhu.png,
0103,Yig,Primigenia,Personaje,Era I,8,4,9,Dios · Primigenio,INFLUENCIA: Destruye tu mortal; elimina permanentemente una habilidad de una invocación.,,GDM/Primigenios/Yig.png,
0104,Yogg-sothot,Primigenia,Personaje,Era I,8,5,9,Dios · Primigenio,INFLUENCIA: Destruye tu mortal; elimina permanentemente una habilidad de un personaje.,,GDM/Primigenios/Yogg-sothot.png,
0105,Azathoth,Primigenia,Personaje,Era I,8,5,9,Dios · Primigenio,INFLUENCIA: Destruye tu mortal; destruye un equipo que no sea invocación.,,GDM/Primigenios/Azathoth.png,
0106,Hastur,Primigenia,Personaje,Era I,5,2,7,Dios · Primigenio,INFLUENCIA: Cansa un personaje con la clave Demonio o Primigenio.,,GDM/Primigenios/Hastur.png,
0107,Byakhee,Primigenia,Personaje,Era I,3,2,5,Monstruo,INFLUENCIA: Da -1F a un personaje con la clave Dios.,,GDM/Primigenios/Byakhee.png,
0108,Shub-niggurath,Primigenia,Personaje,Era I,7,4,9,Dios · Primigenio,INFLUENCIA: Destruye tu mortal; elimina permanentemente una habilidad de un recurso.,,GDM/Primigenios/Shub-niggurath.png,
0109,Cthonian,Primigenia,Personaje,Era I,4,2,6,Monstruo,INFLUENCIA: Gana 1P en un personaje en tu oráculo con la clave Primigenio.,,GDM/Primigenios/Cthonian.png,
0110,Olaus Wormius,Primigenia,Personaje,Era I,3,1,3,Loco · Invocador,INFLUENCIA: La proxima vez que equipes este turno reduce el coste en 1P,,GDM/Primigenios/Olaus Wormius.png,
0111,Wylbur,Primigenia,Personaje,Era I,4,1,6,Loco · Invocador,INFLUENCIA: Prepara un personaje con la clave Criatura.,,GDM/Primigenios/Wylbur.png,
0112,Howard,Primigenia,Personaje,Era I,0,0,1,Invocador,Howard puede equiparse invocaciones como si tuviera +3PM.,,GDM/Primigenios/Howard.png,
0113,Antonio,Primigenia,Personaje,Era I,0,0,2,Loco · Invocador,,,GDM/Primigenios/Antonio.png,
0114,Dagon,Primigenia,Personaje,Era I,2,3,2,Criatura,,,GDM/Primigenios/Dagon.png,
0115,Ithaqua,Primigenia,Personaje,Era I,3,1,5,Dios · Primigenio,ENFRENTAMIENTO: Elimina 1P de Ithaqua; mueve a tu personaje al campo de batalla.,,GDM/Primigenios/Ithaqua.png,
0116,Ángel Descarnado,Primigenia,Personaje,Era I,4,2,5,Monstruo,ENFRENTAMIENTO: Da +1F a todos tus personajes con las clave Loco.,,GDM/Primigenios/Ángel Descarnado.png,
0117,Randolf Carter,Primigenia,Personaje,Era I,1,1,3,Loco · Soñador,,,GDM/Primigenios/Randolf Carter.png,
0118,Horror de Dunwich,Primigenia,Personaje,Era I,6,3,6,Criatura,ENFRENTAMIENTO: Destruye un mortal agotado; gana +1F en Horror de Dunwich.,,GDM/Primigenios/Horror de Dunwich.png,
0119,Uphellaa,,Evento,Era I,,,,Festival,Da +1F a todos tus guerreros hasta el final de turno.,,GDM/Eventos/Uphellaa.png,
0120,El fin de la era de los dioses,,Evento,Era I,,,,,Este turno no se puede usar las habilidades de los personajes con la clave Dios.,,GDM/Eventos/El fin de la era de los dioses.png,
0121,Invocando a los tíndalos,,Evento,Era I,,,,,Elimina todas las claves (excepto Dios) de los personajes en panteones y oráculos hasta final de turno. Todos ganan la clave Loco.,,GDM/Eventos/Invocando a los tíndalos.png,
0122,Invasión Primigenia,,Evento,Era I,,,,,Este turno no se pueden usar las habilidades de los personajes mortales.,,GDM/Eventos/Invasión Primigenia.png,
0123,El Rastro,,Evento,Era I,,,,,Este turno no se puede jugar las habilidades de los equipos.,,GDM/Eventos/El Rastro.png,
0124,Luces del norte,,Evento,Era I,,,,Festival,Después de revelar tus oráculos gana 2P en tu personaje en un oráculo.,,GDM/Eventos/Luces del norte.png,
0125,La caída de Innsmouth,,Evento,Era I,,,,Único,Cansa todos los personajes con PM 2 o menos.,,GDM/Eventos/La caída de Innsmouth.png,
0126,Shogatsu,,Evento,Era I,,,,Festival,Gana 1P en cada uno de tus personajes en juego.,,GDM/Eventos/Shogatsu.png,
0127,Hinamatsuri,,Evento,Era I,,,,Festival,Gana 3P,,GDM/Eventos/Hinamatsuri.png,
0128,Ritual del fuego nuevo,,Evento,Era I,,,,Plaga,Elimina todos los puntos de poder de tu personaje; gana tantos puntos como eliminaste.,,GDM/Eventos/Ritual del fuego nuevo.png,
0129,Obon,,Evento,Era I,,,,Festival,Tu personaje en juego gana tantos puntos de poder como sean necesarios para llegar a su poder máximo.,,GDM/Eventos/Obon.png,
0130,Cataclismo de Deucalion,,Evento,Era I,,,,Plaga,Da -1F a todos los personajes en juego hasta el final de turno.,,GDM/Eventos/Cataclismo de Deucalion.png,
0131,El vínculo,,Evento,Era I,,,,,Este turno los personajes mortales no pueden ser destruidos.,,GDM/Eventos/El vínculo.png,
0132,Panateneas,,Evento,Era I,,,,Festival,Cansa a dos personajes que pertenezcan a mitologías diferentes.,,GDM/Eventos/Panateneas.png,
0133,El Fin de la era del hombre,,Evento,Era I,,,,Cataclismo · Único,Destruye a tu personaje en tu panteón; roba tantas cartas como su poder máximo.,,GDM/Eventos/El Fin de la era del hombre.png,
0134,La plaga de Atenas,,Evento,Era I,,,,Plaga,Cansa todos los recursos en juego.,,GDM/Eventos/La plaga de Atenas.png,
0135,Tozoztontli,,Evento,Era I,,,,Festival,Destruye a un mortal en juego.,,GDM/Eventos/Tozoztontli.png,
0136,Tonalpohualli,,Evento,Era I,,,,Festival,Elimina 1P de tus personajes en juego; gana tanto poder como eliminaste.,,GDM/Eventos/Tonalpohualli.png,
0137,Peret,,Evento,Era I,,,,Festival,Después de revelar tus oráculos gana 2P en un recurso en un oráculo.,,GDM/Eventos/Peret.png,
0138,Baño de Cleopatra,,Evento,Era I,,,,Festival,Cansa a un dios y  dale +2P.,,GDM/Eventos/Baño de Cleopatra.png,
0139,Ragnarok,,Evento,Era I,,,,Plaga,Elimina 1P en cada uno de los personajes en juego.,,GDM/Eventos/Ragnarok.png,
0140,Akher,,Evento,Era I,,,,Festival,Busca un recurso en este oráculo; descarta este evento; baraja de nuevo el oráculo; dejando encima el recurso revelado.,,GDM/Eventos/Akher.png,
0141,Shemu,,Evento,Era I,,,,Festival,Todos los jugadores eliminan 1P.,,GDM/Eventos/Shemu.png,
0142,Laberintos de maíz,,Recurso,Era I,2,,,,EFRENTAMIENTO: Cansa Laberintos de maíz; ekunuba 1P de un personaje enemigo.,,GDM/Recursos/Laberintos de maíz.png,
0143,Altar de sacrificio,,Recurso,Era I,1,,,,INFLUENCIA: Cansa Altar de Sacrificio; da -1F a un personaje enemigo.,,GDM/Recursos/Altar de sacrificio.png,
0144,Norna,,Recurso,Era I,2,,,Vidente,INFLUENCIA: Cansa Norna; roba una carta.,,GDM/Recursos/Norna.png,
0145,Templo Jinja,Japonesa,Recurso,Era I,3,,,Templo · Japonés · Único,INFLUENCIA: Cansa Templo Jinja; elimina 2P de un personaje.,,GDM/Recursos/Templo Jinja.png,
0146,Pozo de Urd,Nórdica,Recurso,Era I,3,,,Nórdico ·Único,"INFLUENCIA: Cansa Pozo de urd, descarta una carta; roba dos cartas.",,GDM/Recursos/Pozo de Urd.png,
0147,Laberinto de creta,,Recurso,Era I,1,,,,ENFRENTAMIENTO: Cansa Laberinto de Creta; elimina 1P de un personaje enemigo.,,GDM/Recursos/Laberinto de creta.png,
0148,El Partenón,,Recurso,Era I,1,,,,INFLUENCIA: Cansa El Partenón; destruye un equipo de tu personaje; gana poder igual al coste del equipo destruido.,,GDM/Recursos/El Partenón.png,
0149,Templo Shitennoji,,Recurso,Era I,3,,,Templo,INFLUENCIA: Cansa Templo Shitennoji; gana 2P.,,GDM/Recursos/Templo Shitennoji.png,
0150,Kremlin,,Recurso,Era I,1,,,Único · Punto de poder,INFLUENCIA: Cansa Kremlin; revela la carta superior de un oráculo.,,GDM/Recursos/Kremlin.png,
0151,Palacio de Moctezuma,,Recurso,Era I,2,,,,INFLUENCIA: Copia la habilidad de un recurso de un contrario.,,GDM/Recursos/Palacio de Moctezuma.png,
0152,Pirámide de la Luna,,Recurso,Era I,3,,,Templo,INFLUENCIA: Cansa Pirámide de la Luna; prepara a tu personaje.,,GDM/Recursos/Pirámide de la Luna.png,
0153,Monumento,,Recurso,Era I,1,,,,ENFRENTAMIENTO: Cansa Monumento; da +1F a uno de tus personajes.,,GDM/Recursos/Monumento.png,
0154,Herrería,,Recurso,Era I,2,,,,INFLUENCIA: Cansa Herrería; crea un arma de +1F y equípasela a uno de tus personajes.,,GDM/Recursos/Herrería.png,
0155,Wabi-Sabi,,Recurso,Era I,1,,,,INFLUENCIA: Cansa Wabi-Sabi; elimina 1P de tu personaje; gana 1P. INFLUENCIA: Cansa Wabi-Sabi; elimina 1P; gana 1P en tu personaje.,,GDM/Recursos/Wabi-Sabi.png,
0156,Carcosa,Primigenia,Recurso,Era I,3,,,Única · Mitos de Cthulhu,INFLUENCIA: Cansa Carcosa; gana 2P en un dios en tu oráculo.,,GDM/Recursos/Carcosa.png,
0157,Celaeno,,Recurso,Era I,1,,,Biblioteca,INFLUENCIA: Cansa celaeno; da +1PM permanente a tu personaje on la clave invocador.,,GDM/Recursos/Celaeno.png,
0158,Manicomio,,Recurso,Era I,1,,,Biblioteca,INFLUENCIA: Cansa Manicomio; da la clave Loco a tu personaje. INFLUENCIA: Cansa Manicomio; da +1F a tu personaje con la clave Loco.,,GDM/Recursos/Manicomio.png,
0159,Miskatonic,,Recurso,Era I,1,,,Biblioteca,INFLUENCIA: Cansa Miskatonic; mira la primera carta de tu mazo de designios; si es una invocación; muéstrala y ponla en tu mano.,,GDM/Recursos/Miskatonic.png,
0160,Meseta de Leng,,Recurso,Era I,2,,,Único,INFLUENCIA: Cansa Meseta de Leng; da -2PM a todos los personajes hasta el principio del turno siguiente.,,GDM/Recursos/Meseta de Leng.png,
0161,Flegetonte,,Recurso,Era I,2,,,,INFLUENCIA: Cansa Flegetonte; da -1PM (permanente) a un personaje enemigo.,,GDM/Recursos/Flegetonte.png,
0162,Westminster,,Recurso,Era I,2,,,Único · Punto de Poder,INFLUENCIA: Cansa Westminster; elimina 1P de un personaje en un panteón o un oráculo.,,GDM/Recursos/Westminster.png,
0163,Huey Teocalli,Azteca,Recurso,Era I,3,,,Templo · Azteca · Único,"INFLUENCIA: Cansa Huey Teocalli, elimina 1P de uno de tus personajes; gana 3P;",,GDM/Recursos/Huey Teocalli.png,
0164,Casa de té,,Recurso,Era I,2,,,,INFLUENCIA: Cansa Casa de té; gana 2P en uno de tus personajes.,,GDM/Recursos/Casa de té.png,
0165,Kom Ombo,,Recurso,Era I,1,,,Templo,INFLUENCIA: Cansa Kom Ombo; gana 1P en tu personaje mortal.,,GDM/Recursos/Kom Ombo.png,
0166,Rokstenen,,Recurso,Era I,1,,,,INFLUENCIA: Cansa Rokstenen; gana 1P.,,GDM/Recursos/Rokstenen.png,
0167,Pescadores,,Recurso,Era I,2,,,,INFLUENCIA: Cansa Pescadores; elimina 1P de la reserva de un oponente.,,GDM/Recursos/Pescadores.png,
0168,Karnak,,Recurso,Era I,2,,,Ciudad,INFLUENCIA: Cansa Karnak; mira la primera carta de un oráculo; puedes ponerla debajo de ese oráculo.,,GDM/Recursos/Karnak.png,
0169,Oráculo de Delfos,Griega,Recurso,Era I,3,,,Griego · Único,ENFRENTAMIENTO: Cansa oráculo de Delfos; gana 1P en cada uno de tus personajes en el campo de batalla.,,GDM/Recursos/Oráculo de Delfos.png,
0170,Planos de Arquitecto,,Recurso,Era I,1,,,,INFLUENCIA: Mueve uno de tus recursos en un oráculo a tu panteón eliminando tanto poder como su coste.,,GDM/Recursos/Planos de Arquitecto.png,
0171,Abu Simbel,,Recurso,Era I,1,,,Templo,"INFLUENCIA: Cansa Abu Simbel; gana 1P en tu personaje con la clave ""Dios"".",,GDM/Recursos/Abu Simbel.png,
0172,Ópera de Sidney,,Recurso,Era I,1,,,Único · Punto de poder,INFLUENCIA: Cansa Ópera de Sídney; el próximo evento revelado se descarta sin resolución.,,GDM/Recursos/Ópera de Sidney.png,
0173,Tebas,,Recurso,Era I,1,,,Ciudad,INFLUENCIA: Cambia uno de tus equipos entre dos de tus personajes ignorando su coste. (Debes cumplir las reglas de equipar),,GDM/Recursos/Tebas.png,
0174,Coliseo,,Recurso,Era I,1,,,Único · Punto de poder,"INFLUENCIA: Cansa Coliseo; da +1F a uno o dos personajes con la clave ""Héroe"".",,GDM/Recursos/Coliseo.png,
0175,Guiza,Egipcia,Recurso,Era I,3,,,Único · Egipto,INFLUENCIA: Cansa Guiza; gana 1P por cada recurso que controles; máximo 3.,,GDM/Recursos/Guiza.png,
0176,Mercado de Tebas,,Recurso,Era I,2,,,,Al equipar tus armas reduce su coste en 1P.,,GDM/Recursos/Mercado de Tebas.png,
0177,Inframundo,Neutral,Panteón,Era I,,,16,,"Tus personajes con la clave ""Demonio"" cuestan 2P menos.",,GDM/Neutrales/Inframundo.png,
0178,La Orden,Neutral,Panteón,Era I,,,29,,"No puedes ganar poder en tu reserva. Tus dioses tienen -2PM. INFLUENCIA: DA -2PM Permanentemente a un personaje con la clave ""Dios"".",,GDM/Neutrales/La Orden.png,,
0179,Grim'a'gor,Neutral,Personaje,Era I,5,2,7,Rátido · Samurai · Criatura,"INFLUENCIA: Da +1F a todos tus personajes con la clave ""Criatura"".",,GDM/Neutrales/Grim_a_gor.png,
0180,Drobbit,Neutral,Personaje,Era I,4,1,5,Embaucador,"ENFRENTAMIENTO: Mira una carta de un oráculo contrario; si es un evento resuélvelo como si fuera tuyo, déjalo sin revelar en el mismo oráculo.",,GDM/Neutrales/Drobbit.png,
0181,Alejandro,Neutral,Personaje,Era I,4,2,6,Guerrero · Emperador,ENFRENTAMIENTO: Elimina 1P de Alejandro; mueve a un enemigo a su panteón.,,GDM/Neutrales/Alejandro.png,
0182,Couger,Neutral,Personaje,Era I,4,2,6,Encadenado · Único,INFLUENCIA: Tus personajes no pueden ser controlados por otros jugadores este turno.,,GDM/Neutrales/Engwar.png,
0183,Engwar,Neutral,Personaje,Era I,4,2,6,Guerrero · Atlante ·Único,"INFLUENCIA: Cansa un personaje con la clave ""Demonio"".",,GDM/Neutrales/Couger.png,
0184,Urania,,Invocación,Era I,0,,-1,Musa · Única,ENFRENTAMIENTO: Elimina 1P en tu invocador; gana 2P.,,GDM/Invocaciones/Urania.png,
0185,Melóomene,,Invocación,Era I,0,,-1,Musa · Única,ENFRENTAMIENTO: Elimina 1P en tu invocador; prepara a tu personaje.,,GDM/Invocaciones/Melpómene.png,
0186,Euterpe,,Invocación,Era I,0,,-1,Musa · Única,"INFLUENCIA: Da +1F y +1P a un personaje con la clave ""Héroe"".",,GDM/Invocaciones/Euterpe.png,
0187,Sangre en el Nilo,,Invocación,Era I,0,,-2,Plaga · Única,INFLUENCIA: Cansa este invocador; cansa un recurso contrario.,,GDM/Invocaciones/Sangre en el Nilo.png,
0188,Caminos de Tehulí,,Invocación,Era I,0,,-2,Sacrificio · Única,INFLUENCIA: Descarta todas tus cartas; roba tantas cartas como descartaste menos una.,,GDM/Invocaciones/Caminos de Tehulí.png,
0189,Muerte de los primogenitos,,Invocación,Era I,0,,-1,Plaga · Única,INFLUENCIA: Destruye Muerte de los primogénitos y un personaje que controles; tus oponentes deben destruir un personaje con igual PM.,,GDM/Invocaciones/Muerte de los primogénitos.png,
0190,Clío,,Invocación,Era I,0,,-1,Musa · Único,ENFRENTAMIENTO: Gana 1P en tu personaje.,,GDM/Invocaciones/Clío.png,
0191,Sacrificio gladiatorio,,Invocación,Era I,0,,-2,Sacrificio · Único,INFLUENCIA: Da permanentemente una clave de un personaje en juego a uno de tus personajes.,,GDM/Invocaciones/Sacrificio gladiatorio.png,
0192,Disfraces de Xipe Totec,,Invocación,Era I,0,,-1,Sacrificio ·Único,INFLUENCIA: Tu invocador copia la habilidad de un recurso de un contrario.,,GDM/Invocaciones/Disfraces de Xipe Tótec.png,
0193,Talía,,Invocación,Era I,0,,-1,Musa · Única,ENFRENTAMIENTO: Mueve a tu personaje al campo de batalla.,,GDM/Invocaciones/Talía.png,
0194,Bake-Kujira,,Invocación,Era I,0,,-1,Espíritu · Único,ENFRENTAMIENTO: Elimina 1P de tu invocador; cansa a un personaje enemigo.,,GDM/Invocaciones/Bake-Kujira.png,
0195,Laguz ,,Invocación,Era I,0,,-1,Runa · Única,INFLUENCIA: Gana 1P en un personaje en tu oráculo.,,GDM/Invocaciones/Laguz.png,
0196,Los 100.000 de Huitzilipochtli,,Invocación,Era I,0,,0,Sacrificio · Único,INFLUENCIA: Tu invocador copia el poder máximo de un personaje enemigo.,,GDM/Invocaciones/Los 100.000 de Huitzilipochtli.png,
0197,Berkana,,Invocación,Era I,0,,-2,Runa · Única,INFLUENCIA: Gana 1P en un personaje en tu panteón.,,GDM/Invocaciones/Berkana.png,
0198,Mannaz,,Invocación,Era I,0,,-1,Runa · Única,ENFRENTAMIENTO: Mueve a tu mortal a tu panteón; gana 1P.,,GDM/Invocaciones/Mannaz.png,
0199,Nue,,Invocación,Era I,0,,-2,Espíritu · Único,ENFRENTAMIENTO: Equipa en uno de tus personajes un equipo de un personaje enemigo.,,GDM/Invocaciones/Nue.png,
0200,Tres dias de tinieblas,,Invocación,Era I,0,,-1,Plaga · Única,ENFRENTAMIENTO: Da -2F a un personaje enemigo.,,GDM/Invocaciones/Tres dias de tinieblas.png,
0201,Peste del ganado,,Invocación,Era I,0,,-1,Plaga · Única,INFLUENCIA: Destruye a tu personaje mortal; elimina 1P de la reserva de un contrario.,,GDM/Invocaciones/Peste del ganado.png,
0202,Fehu,,Invocación,Era I,0,,-1,Runa · Única,"INFLUENCIA: Da la clave ""Guerrero"" a un personaje.",,GDM/Invocaciones/Fehu.png,
0203,Basan,,Invocación,Era I,0,,-1,Espíritu · Único,ENFRENTAMIENTO: Cansa a tu invocador; el adversario elige si cansa uno de sus dioses o elimina 2P en él.,,GDM/Invocaciones/Basan.png,
0204,Byakko,,Invocación,Era I,0,,-2,Espíritu · Único,ENFRENTAMIENTO: Copia la habilidad de un personaje enemigo.,,GDM/Invocaciones/Byakko.png,
0205,Símbolo acano,,Invocación,Era I,0,,-1,Única,INFLUENCIA: Gana 1P.,,GDM/Invocaciones/Símbolo arcano.png,
0206,Lámpara de Alhazred,,Invocación,Era I,0,,-2,Única,INFLUENCIA: Tu personaje ignora el coste de P al asignarse al campo de batalla.,,GDM/Invocaciones/Lámpara de Alhazred.png,
0207,Trapezoedro brillante,,Invocación,Era I,0,,-2,Única,ENFRENTAMIENTO: Mueve a tu panteón un recurso en tu descarte eliminando tanto P como su coste.,,GDM/Invocaciones/Trapezoedro brillante.png,
0208,Droga plutonica,,Invocación,Era I,0,,-3,Única,"INFLUENCIA: Destruye Droga plutónica; los personajes con la clave ""Loco"" ignoran el coste de P al asignarse al campo de batalla.",,GDM/Invocaciones/Droga plutonica.png,
0209,Amikiri,,Invocación,Era I,0,,-1,Espíritu · Único,INFLUENCIA: Cansa tu invocador; elige a un enemigo que no puede asignarse este turno al campo de batalla.,,GDM/Invocaciones/Amikiri.png,
0210,Plaga de langostas,,Invocación,Era I,0,,-3,Plaga · Única,ENFRENTAMIENTO: Destruye Plaga de langostas; todos los jugadores eliminan tanto P como oráculos posean.,,GDM/Invocaciones/Plaga de langostas.png,
0211,Eis,,Invocación,Era I,0,,-1,Runa · Única,"ENFRENTAMIENTO: Elimina 1P en tu invocador, elige a un personaje enmigo; muévelo a su panteón.",,GDM/Invocaciones/Eis.png,
0212,Átlatl,,Equipo,Era I,2,0,-1,Veneno,INFLUENCIA: Da -1PM permanente a un personaje enemigo.,,GDM/Equipos/Átlatl.png,
0213,Talismán de fuego,,Equipo,Era I,2,0,1,Fuego · Único,Cuesta 1P menos para Amateratsu. INFLUENCIA: Elige a un personaje enmigo; elimina 1P en él.,,GDM/Equipos/Talismán de fuego.png,
0214,Antorcha,,Equipo,Era I,2,1,0,Arma,ENFRENTAMIENTO: Elimina 1P en un personaje enemigo si no tiene el trato fuego.,,GDM/Equipos/Antorcha.png,
0215,Origami,,Equipo,Era I,2,0,0,,INFLUENCIA: Cansa Origami; mueve 1P de la reserva de tu oponente a un personaje enmigo.,,GDM/Equipos/Origami.png,
0216,Talismán de tierra,,Equipo,Era I,2,0,1,Tierra · Único,Cuesta 1P menos para Ame-no-oshido-mimi. INFLUENCIA: Da -1F a un personaje enemigo.,,GDM/Equipos/Talismán de tierra.png,
0217,Mjolnir,Nórdica,Equipo,Era I,3,3,1,Arma · Nórdica · Única,Solo se puede equipar a un dios. Cuesta 1P menos para Thor.,,GDM/Equipos/Mjolnir.png,
0218,Amuleto de Kinnevy,Nórdica,Equipo,Era I,3,1,1,Nórdico · Único,ENFRENTAMIENTO: Cansa amuleto de Kinnevy; prepara este personaje.,,GDM/Equipos/Amuleto de Kinnevy.png,
0219,Cuatepoztli,,Equipo,Era I,1,0,0,,INFLUENCIA: Da -1PM permanenete a tu personame (mínimo de 0); gana 1P.,,GDM/Equipos/Cuatepoztli.png,
0220,Macuahuitl,Azteca,Equipo,Era I,3,3,1,Arma · Única · Azteca,Solo se puede equipar a un dios. Cuesta 1P menos para Huitzilopochtli.,,GDM/Equipos/Macuahuitl.png,
0221,Manzana de la discordia,,Equipo,Era I,2,0,1,,INFLUENCIA: Destruye este equipo; roba 2 cartas.,,GDM/Equipos/La manzana de la discordia.png,
0222,Tridente,Griega,Equipo,Era I,3,3,1,Arma · Griega · Única,Solo se puede equipar a un Dios. Cuesta 1P menos para Poseidón.,,GDM/Equipos/Tridente.png,
0223,Pegaso,,Equipo,Era I,2,1,0,,Este personaje tiene la clave Guerrero y Héroe. ENFRENTAMIENTO: Elimina 1P de este personaje; muévelo al compo de batalla.,,GDM/Equipos/Pegaso.png,
0224,Hacha,,Equipo,Era I,2,2,-1,Arma,,,GDM/Equipos/Hacha.png,
0225,Máscara,,Equipo,Era I,1,0,0,,Este personaje tiene la clave Loco. ENFRENTAMIENTO: Cansa un personaje con la clave Loco.,,GDM/Equipos/Máscara.png,
0226,Yata no kagami,,Equipo,Era I,2,0,2,Única · Oricalco,Solo puede equiparse a un Dios. INFLUENCIA: Elimina hasta 3P de tus personajes preparados gana tanto P como has eliminado.,,GDM/Equipos/Yata no kagami.png,
0227,Vermiis misteriis,,Equipo,Era I,2,0,-1,Libro,ENFRENTAMIENTO: Destruye Verniis Misteriis; este personaje gana tanto P como sea necesario para llegar a su PM.,,GDM/Equipos/Vermiis misteriis.png,
0228,Culte des goules,,Equipo,Era I,2,0,1,Único · Libro,ENFRENTAMIENTO: Destruye culte des Goules; todos los jugadores eliminan 1P por cada evento en su descarte (máximo 3).,,GDM/Equipos/Culte des goules.png,
0229,Rayo,,Equipo,Era I,2,0,0,Arma · Única,ENFRENTAMIENTO: Cansa a un personaje con menos PM que este personaje.,,GDM/Equipos/Rayo.png,
0230,Daga sacrificio,,Equipo,Era I,2,1,1,,,,GDM/Equipos/Daga sacrificio.png,
0231,Katana de Hachiman,,Equipo,Era I,3,3,1,Arma · Japonesa · Única,Solo se puede equipar a un Dios. Cuesta 1P menos para Hachiman.,,GDM/Equipos/Katana de Hachiman.png,
0232,Ambrosía,,Equipo,Era I,1,0,2,,Este personaje tiene la clave Dios.,,GDM/Equipos/Ambrosía.png,
0233,Talismán de aire,,Equipo,Era I,2,0,1,Aire · Único,"Cuesta 1P menos para Takami-misubi. INFLUENCIA: Prepara un recurso de coste 2 o menos, puedes volver a usarlo este turno.",,GDM/Equipos/Talismán de aire.png,
0234,Talismán de agua,,Equipo,Era I,2,0,1,Agua · Único,Cuesta 1P menos para Ame-no-mi-Kurami. ENFRENTAMIENTO: Elimina 1P de éste personaje; puedes volver a poder jugar su habilidad.,,GDM/Equipos/Talismán de agua.png,
0235,Yoroi,,Equipo,Era I,2,0,1,Armadura,ENFRENTAMIENTO: Gana 1P en este personaje.,,GDM/Equipos/Yoroi.png,
0236,Armadura Nórdica,,Equipo,Era I,1,0,1,Armadura,INFLUENCIA: Elimina 1P de este personaje; gana 1P.,,GDM/Equipos/Armadura Nórdica.png,
0237,Chimalli,,Equipo,Era I,2,0,2,,Este personaje tiene la clave Invocador.,,GDM/Equipos/Chimalli.png,
0238,Amset,,Equipo,Era I,1,-1,-1,Único,Tus transferencias aumentan en 1.,,GDM/Equipos/Amset.png,
0239,Vara de Hermes,,Equipo,Era I,2,1,1,Arma · Única,ENFRENTAMIENTO: Gana 1P por cada arma equipada en tus personajes.,,GDM/Equipos/Vara de Hermes.png,
0240,Libro de Los muertos,Egipcia,Equipo,Era I,3,1,2,Único ·Egipcio,IFLUENCIA: Mueve a tu personaje del descarte a tu panteón eliminando tanto poder como su coste.,,GDM/Equipos/Libro de muertos.png,
0241,Duamutef,,Equipo,Era I,1,-1,-1,Única,ENFRENTAMIENTO: Roba una carta.,,GDM/Equipos/Duamutef.png,
0242,Hapy,,Equipo,Era I,1,-1,-1,Único,Todas las transferencias se reducen en 1.,,GDM/Equipos/Hapy.png,
0243,Kebehsenuf,,Equipo,Era I,1,-1,-1,Único,ENFRENTAMIENTO: Gana 2P en este personaje.,,GDM/Equipos/Kebehsenuf.png,
0244,Maza del Rey Escorpión,,Equipo,Era I,2,1,1,Arma,ENFRENTAMIENTO: Elimina los penalizadores de fuerza de este personaje.,,GDM/Equipos/Maza del Rey Escorpion.png,
0245,Yari,,Equipo,Era I,2,1,0,Arma,INFLUENCIA: Cansa un equipo.,,GDM/Equipos/Yari.png,
0246,Lanza de plata,,Equipo,Era I,2,1,0,Arma,"Este personaje tiene la clave ""Ashigaru"" INFLUENCIA: Elimina 2P de este personaje; prepara a tu personaje.",,GDM/Equipos/Lanza de plata.png,
0247,Auriga,,Equipo,Era I,2,1,0,Carruaje,ENFRENTAMIENTO: Mueve a este personaje al campo de batalla si ha estado allí este turno.,,GDM/Equipos/Auriga.png,
0248,Capa de Tanabata,,Equipo,Era I,2,0,0,Armadura,INFLUENCIA: Da +1PM(permanente) a este personaje.,,GDM/Equipos/Capa de Tanabata.png,
0249,Libro de Eibon,,Equipo,Era I,1,0,0,Libro,INFLUENCIA: Destruye el libro de Eibon; reordena uno de tus oráculos.,,GDM/Equipos/Libro de Eibon.png,
0250,Huitzauhqui,,Equipo,Era I,2,1,0,Arma · Única · Oricalco,Solo se puede equipar a un Dios. INFLUENCIA: Copia la habilidad de un equipo contrario.,,GDM/Equipos/Huitzauhqui.png,
0251,Arco de ítaca,,Equipo,Era I,2,1,0,Arma,"Cuesta 1P menos para personajes con la clave ""Héroe"". ENFRENTAMIENTO: Cansa un personaje enemigo.",,GDM/Equipos/Arco de ítaca.png,
0252,Ojo de Ra,Egipcia,Equipo,Era I,2,1,0,Arma · Única · Oricalco,Solo puede equiparse a un Dios. INFLUENCIA: Elimina 2P de tu mortal; da +2F a este personaje.,,GDM/Equipos/Ojo de Ra.png,
0253,Sleipnir,,Equipo,Era I,2,0,1,,ENFRENTAMIENTO: Elimina 1P de este personaje; mueve un mortal de tu descarte al campo de batalla.,,GDM/Equipos/Sleipnir.png,
0254,Carro de Nodens,,Equipo,Era I,2,1,0,Carruaje,"ENFRENTAMIENTO: Mueve un personaje de otro jugador al campo de batalla, en este momento el debe decidir que ejercito lo controla.",,GDM/Equipos/Carro de Nodens.png,
0255,Vellocino dorado,,Equipo,Era I,2,0,1,Única · Oricalco,Solo puede equiparse a un Dios. INFLUENCIA: Elimina 1P de este personaje; cansa un recurso.,,GDM/Equipos/Vellocino dorado.png,
0256,Necronomicón,Primigenia,Equipo,Era I,2,0,-2,Único · Libro · Mitos de Cthulhu,INFLUENCIA: Cansa X mortales que controles; gana XP en un personaje con la clave Primigenio en tu oráculo.,,GDM/Equipos/Necronomicón.png,
0257,Gungnir,,Equipo,Era I,2,1,0,Arma · Única · Oricalco,Solo puede equiparse a un Dios. INFLUENCIA: Elimina 1P de este personaje; prepáralo.,,GDM/Equipos/Gungnir.png,
0258,Pulque,,Equipo,Era I,0,0,-1,,Este personaje no puede usar su habilidad impresa. INFLUENCIA: Elimina 1P de este personaje y cansalo; equipa Pulque a un personaje enemigo.,,GDM/Equipos/Pulque.png,
0259,Dardo,,Acción,Era I,0,,,,INFLUENCIA: Da -2PM permanente a un personaje enemigo.,,GDM/Acciones/Dardo.png,
0260,La sandalia de Nitocris,,Acción,Era I,1,,,,INFLUENCIA: Crea un nuevo oráculo con una carta descartada de otro jugador.,,GDM/Acciones/La sandalia de Nitocris.png,
0261,Ritual del guerrero,,Acción,Era I,0,,,,INFLUENCIA: Destruye un personaje con PM 0.,,GDM/Acciones/Ritual del guerrero.png,
0262,Incendio,,Acción,Era I,0,,,,ENFRENTAMIENTO: Elimina 1P de cada uno de los personaje en el campo de batalla.,,GDM/Acciones/Incendio.png,
0263,Ratas,,Acción,Era I,0,,,,ENFRENTAMIENTO: Da -1PM (permanente) a todos los personajes en el campo de batalla.,,GDM/Acciones/Ratas.png,
0264,La venganza de las Erinias,,Acción,Era I,1,,,Entorno,ENFRENTAMIENTO: Cada jugador que participe en este enfrentamiento elimina tanto poder como personajes tenga en su panteón,,GDM/Acciones/La venganza de las Erinias.png,
0265,Paz impuesta,,Acción,Era I,0,,,,INFLUENCIA: Elimina 1P de un personaje enemigo.,,GDM/Acciones/Paz impuesta.png,
0266,La nave blanca,,Acción,Era I,0,,,,INFLUENCIA: Gana 1P por cada recurso en tu panteón (máximo 3). ,,GDM/Acciones/La nave blanca.png,
0267,Cabeza de Medusa,,Acción,Era I,2,,,,INFLUENCIA: Agota a un personaje enemigo.,,GDM/Acciones/Cabeza de Medusa.png,
0268,Aniquilación,,Acción,Era I,0,,,,ENFRENTAMIENTO: Destruye a un mortal agotado.,,GDM/Acciones/Aniquilacion.png,
0269,Expulsión,,Acción,Era I,1,,,,ENFRENTAMIENTO: Mueve a un personaje enemigo a su panteón.,,GDM/Acciones/Expulsion.png,
0270,Inspiración,,Acción,Era I,0,,,,ENFRENTAMIENTO: Tu personaje mortal gana tantos puntos de poder como sean necesarios para llegar a su poder máximo.,,GDM/Acciones/Inspiracion.png,
0271,Jack,,Acción,Era I,0,,,,"INFLUENCIA: Copia en uno de tus personajes o elimina de un personaje en juego permanentemente, una clave.",,GDM/Acciones/Jack.png,
0272,Los siete escorpiones,,Acción,Era I,1,,,,ENFRENTAMIENTO: Redistribuye todo el poder de tus personajes.,,GDM/Acciones/Los siete escorpiones.png,
0273,Gavilán de obsidiana,,Acción,Era I,1,,,,ENFRENTAMIENTO: Destruye a tu personaje mortal; destruye a un mortal enemigo.,,GDM/Acciones/Gavilan de obsidiana.png,
0274,Karonte,,Acción,Era I,2,,,,INFLUENCIA: Mueve a un personaje mortal de tu descarte a tu panteón.,,GDM/Acciones/Karonte.png,
0275,Reforzar líneas,,Acción,Era I,1,,,,ENFRENTAMIENTO: Mueve a tu personaje al campo de batalla.,,GDM/Acciones/Reforzar lineas.png,
0276,Konibori,,Acción,Era I,0,,,,"INFLUENCIA: Cambia una habilidad de un personaje de ""INFLUENCIA"" a ""ENFRENTAMIENTO"".",,GDM/Acciones/Konibori.png,
0277,Mitsudomoe,,Acción,Era I,1,,,,ENFRENTAMIENTO: Gana 2P en tu personaje y elimina 2P en un personaje enemigo.,,GDM/Acciones/Mitsudomoe.png,
0278,Último aliento,,Acción,Era I,1,,,,ENFRENTAMIENTO: Da +3F a tu personaje destrúyelo después de la resolución de enfrentamiento.,,GDM/Acciones/Ultimo aliento.png,
0279,El morador de las tinieblas,,Acción,Era I,1,,,,INFLUENCIA: Devuelve un equipo a la mano de su propietario,,GDM/Acciones/El morador de las tinieblas.png,
0280,Posesión infernal,,Acción,Era I,0,,,,INFLUENCIA: Da permanentemente la clave Demonio a un personaje en un panteón o un oráculo.,,GDM/Acciones/Posesion infernal.png,
0281,El Sabueso,,Acción,Era I,1,,,,ENFRENTAMIENTO: Da +1F a tu personaje por cada evento en el descarte de un contrario (máximo 3).,,GDM/Acciones/El Sabueso.png,
0282,Las montañas de la locura,,Acción,Era I,1,,,,ENFRENTAMIENTO: Este turno no se pueden realizar más acciones que muevan personajes a o desde el campo de batalla.,,GDM/Acciones/Las montañas de la locura.png,
0283,El despertar,,Acción,Era I,1,,,,INFLUENCIA: Gana 2P en un dios en tu oráculo,,GDM/Acciones/El despertar.png,
0284,Ciclo del sueño,,Acción,Era I,1,,,,ENFRENTAMIENTO: Crea hasta tres nuevos oráculos con un recurso o personaje de tu descarte.,,GDM/Acciones/Ciclo del sueño.png,
0285,La cripta,,Acción,Era I,0,,,,INFLUENCIA: Descarta una carta no revelada en un oráculo,,GDM/Acciones/La cripta.png,
0286,En la noche de los tiempos,,Acción,Era I,1,,,,INFLUENCIA: Este turno no se pueden usar habilidades de los panteones.,,GDM/Acciones/En la noche de los tiempos.png,
0287,La caída de Baldr,,Acción,Era I,0,,,,"INFLUENCIA: Cambia la resolución del enfrentamiento de este turno por: ""Destruye un personaje enemigo con poder máximo igual o menor al diferencial de victoria"".",,GDM/Acciones/La caida de Baldr.png,
0288,Deuda de honor,,Acción,Era I,1,,,,INFLUENCIA: Usa inmediatamente la habilidad de un recurso contrario como si fuera uno de tus recursos.,,GDM/Acciones/Deuda de honor.png,
0289,Nyar llama a su puerta,,Acción,Era I,0,,,Batalla,"INFLUENCIA: Cambia la resolución de este enfrentamiento por: ""el jugador que gane elimina una habilidad de un panteón"". ",,GDM/Acciones/Nyar llama a su puerta.png,
0290,Legiones de la tumba,,Acción,Era I,1,,,,INFLUENCIA: Crea dos personajes sectario 0F/0P/1PM.,,GDM/Acciones/Legiones de la tumba.png,
0291,Dolor y vida,,Acción,Era I,1,,,,ENFRENTAMIENTO: Da -XPM (máximo 3 y no puede bajar de 0) permanente a tu invocador; dale +XF.,,GDM/Acciones/Dolor y vida.png,
0292,Invasión,,Acción,Era I,2,,,Entorno,ENFRENTAMIENTO: Destruye un recurso.,,GDM/Acciones/Invasion.png,
0293,Destrucción,,Acción,Era I,1,,,,ENFRENTAMIENTO: Da -1F a todos los personajes con la clave Dios.,,GDM/Acciones/Destruccion.png,
0294,Canción de los cielos,,Acción,Era I,1,,,,ENFRENTAMIENTO: Cansa tu personaje; cansa dos personajes enemigos con igual o menor PM.,,GDM/Acciones/Cancion de los cielos.png,
0295,La bestia en la cueva,,Acción,Era I,1,,,,INFLUENCIA: Cansa un mortal.,,GDM/Acciones/La bestia en la cueva.png,
0296,Los gatos de Ulthar,,Acción,Era I,1,,,,INFLUENCIA: Elige un personaje; ninguna acción puede hacerle objetivo.,,GDM/Acciones/Los gatos de Ulthar.png,
0297,Criadores de cocodrilo,,Acción,Era I,0,,,,INFLUENCIA: Cansa un equipo.,,GDM/Acciones/Criaderos de cocodrilo.png,
0298,Nueva droga,,Acción,Era I,1,,,,INFLUENCIA: Mira la mano de un contrario.,,GDM/Acciones/Nueva droga.png,
0299,Ladina fortuna,,Acción,Era I,1,,,,ENFRENTAMIENTO: Descarta una carta; roba dos cartas.,,GDM/Acciones/Ladina fortuna.png,
0300,Eclipse,,Acción,Era I,2,,,,INFLUENCIA: Todos los jugadores eliminan 1P por cada acción de INFLUENCIA que realicen.,,GDM/Acciones/Eclipse.png,
0301,Tentáculos en la sombra,,Acción,Era I,0,,,,INFLUENCIA: Elimina o gana 1P en un personaje con la clave Primigenio. ,,GDM/Acciones/Tentaculos en la sombra.png,
0302,Dama de la oscuridad,,Acción,Era I,1,,,,INFLUENCIA: Mira la primera carta de dos oráculos si alguna es un evento puedes descartarla.,,GDM/Acciones/Dama de la oscuridad.png,
0303,Mi-Go,,Acción,Era I,1,,,,ENFRENTAMIENTO: Da +1F a este personaje por cada recurso en el pantón de tu oponente de este enfrentamiento (máximo 3).,,GDM/Acciones/Mi-Go.png,
0304,Sombras reunidas,,Acción,Era I,1,,,,ENFRENTAMIENTO: Reduce a 1 todas las ganancias de poder hasta la próxima fase de influencia.,,GDM/Acciones/Sombras reunidas.png,
0305,Polaris,,Acción,Era I,0,,,,INFLUENCIA: Gana 1P por cada carta con la clave Oricalco que controles.,,GDM/Acciones/Polaris.png,
0306,La música de Orfeo,,Acción,Era I,0,,,,INFLUENCIA: Este turno todos los personajes que mediten ganan +1P,,GDM/Acciones/La musica de Orfeo.png,
0307,El ascenso de Amon,,Acción,Era I,1,,,,INFLUENCIA: Da +1F a todos tus personajes que se asignen este turno; destrúyelos después del enfrentamiento.,,GDM/Acciones/El ascenso de Amon.png,
0308,Aro de Odín,,Acción,Era I,0,,,,INFLUENCIA: Da +2F a un personaje de otro jugador.,,GDM/Acciones/Aro de Odin.png,
0309,Faetón y el carro,,Acción,Era I,0,,,,ENFRENTAMIENTO: Tu invocador gana +1F por cada invocación equipada en él.,,GDM/Acciones/Faeton y el carro.png,
0310,La maldición de la Momia,,Acción,Era I,0,,,,INFLUENCIA: Hasta el inicio de tu próxima fase de influencia todos los festivales se descartan sin efecto.,,GDM/Acciones/La maldicion de la Momia.png,
0311,Golpe mortal,,Acción,Era I,1,,,,INFLUENCIA: Elimina 2P de un mortal.,,GDM/Acciones/Golpe mortal.png,
0312,Ankh,,Acción,Era I,1,,,,INFLUENCIA: Prepara tu personaje.,,GDM/Acciones/Ankh.png,
0313,El ojo del sol,,Acción,Era I,2,,,,INFLUENCIA: Ningún jugador puede ganar poder en su reserva en la fase de influencia este turno.,,GDM/Acciones/El ojo del sol.png,
0314,Espejismos del desierto,,Acción,Era I,0,,,,INFLUENCIA: Elimina 1P de tu oráculo; gana 2P en tu personaje.,,GDM/Acciones/Espejismos del desierto.png,
0315,Jeroglíficos,,Acción,Era I,0,,,,INFLUENCIA: Cansa tu personaje; da +1P a otros dos personajes.,,GDM/Acciones/Jeroglificos.png,
0316,Yarijutsu,,Acción,Era I,0,,,,ENFRENTAMIENTO: Tu personaje con un arma equipada gana 2P,,GDM/Acciones/Yarijutsu.png,
0317,Crecida del Nilo,,Acción,Era I,2,,,,INFLUENCIA: Ningún jugador puede eliminar poder de tu reserva en la fase de influencia este turno.,,GDM/Acciones/Crecida del Nilo.png,
0318,Sonido de Odaiko,,Acción,Era I,1,,,,INFLUENCIA: Este turno no se puede meditar.,,GDM/Acciones/Sonido de Odaiko.png,
0319,Momificación,,Acción,Era I,0,,,,INFLUENCIA: Cansa a tu dios; agota un mortal enemigo.,,GDM/Acciones/Momificacion.png,
0320,Navíos de Jason,,Acción,Era I,1,,,,ENFRENTAMIENTO: Todos los jugadores deben eliminar 1P de uno de sus personajes como coste adicional por cada acción jugada hasta el final de este enfrentamiento.,,GDM/Acciones/Navios de Jason.png,
0321,Huicholes,,Acción,Era I,0,,,,ENFRENTAMIENTO: Agota y destruye tu mortal; gana un bono de fuerza en tu personaje igual al poder eliminado.,,GDM/Acciones/Huicholes.png,
0322,Gnomon,,Acción,Era I,0,,,,ENFRENTAMIENTO: Mueve a tu personaje a tu panteón; tu personaje en el campo de batalla gana 1P.,,GDM/Acciones/Gnomon.png,
0323,El juicio de Osiris,,Acción,Era I,0,,,Batalla,"INFLUENCIA: Cambia la resolución del enfrentamiento por: ""El jugador con más fuerza toma el control de un enemigo (permanentemente) con PM igual o menor a la mitad del diferencial de victoria"".",,GDM/Acciones/El juicio de Osiris.png,
0324,Brindis de Octli,,Acción,Era I,2,,,,INFLUENCIA: Gana 2P en un personaje en juego.,,GDM/Acciones/Brindis de Octli.png,
0325,Vuelta al origen,,Acción,Era I,1,,,,ENFRENTAMIENTO: Elige a tu mortal; descarta sus equipos y  crea un oráculo nuevo con él; tu oponente debe hacer lo mismo.,,GDM/Acciones/Vuelta al origen.png,
0326,Adrenalina,,Acción,Era I,0,,,,ENFRENTAMIENTO: Da +2F a tu personaje enfrentado.,,GDM/Acciones/Adrenalina.png,
0327,Tornados de verano,,Acción,Era I,1,,,,ENFRENTAMIENTO: Destruye todos los personajes creados.,,GDM/Acciones/Tornados de verano.png,
0328,Embrujo de Freya,,Acción,Era I,0,,,,ENFRENTAMIENTO: Elige a un personaje enemigo; toma control sobre él hasta que juegues tu siguiente acción o devuélvelo antes de la resolución del ENFRENTAMIENTO. No puedes destruirlo.,,GDM/Acciones/Embrujo de Freya.png,
0329,Inicios de la medicina,,Acción,Era I,1,,,,INFLUENCIA: Gana 2P en tu mortal.,,GDM/Acciones/Inicios de la medicina.png,
0330,Divinización,,Acción,Era I,1,,,,ENFRENTAMIENTO: Da la clave dios y +1F a tu mortal.,,GDM/Acciones/Divinizacion.png,
0331,Laberintos de la pirámide,,Acción,Era I,2,,,Entorno,ENFRENTAMIENTO: Cans dos de tus mortales; agota un personaje enemigo.,,GDM/Acciones/Laberintos de la piramide.png,
0332,Mirada de Kefren,,Acción,Era I,1,,,,INFLUENCIA: Cansa y agota a tu mortal; elimina tanto poder como el elimado de una reserva contraria; máximo2.,,GDM/Acciones/Mirada de Kefren.png,
0333,La salvación de Andromeda,,Acción,Era I,1,,,,ENFRENTAMIENTO: Gana 2P en tu personaje en tu oráculo.,,GDM/Acciones/La salvacion de Andromeda.png,
0334,Bendición de Susanoo,,Acción,Era I,0,,,,ENFRENTAMIENTO: Tu personaje con una invocación equipada gana 2P.,,GDM/Acciones/Bendicion de Susanoo.png,
0335,Tácticas bélicas,,Acción,Era I,0,,,,INFLUENCIA: Si algún jugador no ha participado en un enfrentamiento este turno; este realizara un enfrentamiento extra al final de la fase de enfrentamiento.,,GDM/Acciones/Tacticas belicas.png,
0336,Preparación,,Acción,Era I,2,,,,INFLUENCIA: Elige a un dios en tu oráculo con más de la mitad de su poder máximo; muévelo a tu panteón.,,GDM/Acciones/Preparacion.png,
0337,Rios de Poder,,Acción,Era I,0,,,,ENFRENTAMIENTO: Elimina hasta 4P en tus personajes; gana tanto poder como eliminaste.,,GDM/Acciones/Rios de Poder.png,
0338,La traición de Efialtes,,Acción,Era I,0,,,,"ENFRENTAMIENTO: Mueve un personaje de otro jugador al campo de batalla, en este momento él debe decidir que ejercito lo controla.",,GDM/Acciones/La traicion de Efialtes.png,
0339,Poder rúnico,,Acción,Era I,0,,,,ENFRENTAMIENTO: Gana 2P en tu Dios.,,GDM/Acciones/Poder runico.png,
0340,Mariposa y guerrero,,Acción,Era I,0,,,Batalla,"INFLUENCIA: Cambia la resolución del enfrentamiento de este turno por: ""El jugador con más fuerza gana P igual al diferencial de victoria""",,GDM/Acciones/Mariposa y guerrero.png,
0341,Niebla debilitadora,,Acción,Era I,1,,,Entorno,ENFRENTAMIENTO: Da -2F a cada uno de los personajes en el campo de batalla.,,GDM/Acciones/Niebla debilitadora.png,
0342,El caballo de Troya,,Acción,Era I,0,,,Batalla,INFLUENCIA: Cambia la resolución del enfrentamiento de este turno por la del libro de reglas.,,GDM/Acciones/El caballo de Troya.png,
0343,La hormiga negra,,Acción,Era I,0,,,,"INFLUENCIA: Cambia la resolución del enfrentamiento de este turno por: ""El jugador con más fuerza toma el control de un recurso de coste igual o menos al diferencial de victoria"".",,GDM/Acciones/La hormiga negra.png,
0344,Talón de Aquiles,,Acción,Era I,1,,,,ENFRENTAMIENTO: Dobla la fuerza de una de tus armas; destruyela despues del enfrentamiento.,,GDM/Acciones/Talon de Aquiles.png,
0345,El águila y el nopal,,Acción,Era I,1,,,,INFLUENCIA: Devuelve a tu mano una invocación de tu mazo de descarte.,,GDM/Acciones/El aguila y el nopal.png,
0346,Nuevo oráculo,,Acción,Era I,2,,,,INFLUENCIA: Baraja tus cartas descartadas del mazo de dioses; crea un nuevo oráculo con ellas.,,GDM/Acciones/Nuevo oráculo.png,
0347,Salto temporal,,Acción,Era I,0,,,,INFLUENCIA: Pasa a ser el jugador inicial.,,GDM/Acciones/Salto temporal.png,
0348,El árbol,,Acción,Era I,0,,,,INFLUENCIA: Gana 1P por cada dios de tu mitología que controles.,,GDM/Acciones/El arbol.png,
0349,Perdida de equipaje,,Acción,Era I,0,,,,ENFRENTAMIENTO: Destruye un equipo.,,GDM/Acciones/Perdida de equipaje.png,
0350,Múspel,,Acción,Era I,2,,,Entorno,ENFRENTAMIENTO: Da -1F a dos de tus personajes; da -3F a dos personajes enemigos.,,GDM/Acciones/Muspel.png,
0351,Curación milagrosa,,Acción,Era I,0,,,,ENFRENTAMIENTO: Gana 1P en tu personaje.,,GDM/Acciones/Curacion milagrosa.png,
0352,Iluminación,,Acción,Era I,0,,,Única,INFLUENCIA: Si tienes equipados cuatro o más talismanes de diferentes claves; gana 20P,,GDM/Acciones/Iluminación.png,
0353,Namazu,,Acción,Era I,2,,,Entorno,ENFRENTAMIENTO: Cansa a tu dios; cansa a todos los personajes con menos poder máximo.,,GDM/Acciones/Namazu.png,
0354,Puertas abiertas,,Acción,Era I,1,,,,"ENFRENTAMIENTO: Mueve a tu personaje a tu panteón; el oponente puede mover uno de sus personajes a su panteón, si no lo mueve ganas 4P.",,GDM/Acciones/Puertas abiertas.png,
0355,Dátiles para los dioses,,Acción,Era I,1,,,,ENFRENTAMIENTO: Cansa tu dios; elimina 1P de la reserva de tu oponente.,,GDM/Acciones/Datiles para los dioses.png,
0356,Tributos de conquista,,Acción,Era I,0,,,,ENFRENTAMIENTO: Mueve a X de tus personajes a tu panteón gana XP.,,GDM/Acciones/Tributos de conquista.png,
0357,Antidoto Moly,,Acción,Era I,2,,,,INFLUENCIA: Destruye una invocación,,GDM/Acciones/Antidoto Moly.png,
0358,El acertijo de la esfinge,,Acción,Era I,0,,,,INFLUENCIA: Elimina 1P de un personaje en un oráculo.,,GDM/Acciones/El acertijo de la esfinge.png,
0359,Sacrificio altivo,,Acción,Era I,1,,,,ENFRENTAMIENTO: Destruye tu personaje mortal; gana tanto P como su PM.,,GDM/Acciones/Sacrificio altivo.png,
0360,El robo del fuego,,Acción,Era I,2,,,Entorno,ENFRENTAMIENTO: Elimina todos los bonos de fuerza de los personajes en el campo de batalla.,,GDM/Acciones/El robo del fuego.png,
0361,Tormenta de fuego,,Acción,Era I,0,,,Entorno,ENFRENTAMIENTO: Cansa a tu dios da -1F a cada uno de los personajes enemigos.,,GDM/Acciones/Tormenta de fuego.png,
0362,Obstáculos,,Acción,Era I,0,,,,"INFLUENCIA: Cansa a tu dios, elige a un personaje enemigo con menos poder máximo; este no puede asignarse al campo de batalla este turno.",,GDM/Acciones/Obstaculos.png,
0363,La niebla del espejo humeante,,Acción,Era I,1,,,Entorno,INFLUENCIA: Da la vuelta a una o dos cartas en tus oráculos.,,GDM/Acciones/La niebla del espejo humeante.png,
0364,Muralla de atenas,,Acción,Era I,0,,,,INFLUENCIA: Devuelve a tu mano un arma de tu mazo de descarte.,,GDM/Acciones/Muralla de atenas.png,
0365,Las manzanas de Loki,,Acción,Era I,1,,,,INFLUENCIA: Usa inmediatamente una habilidad de un personaje enemigo como si fuera de uno de tus personajes.,,GDM/Acciones/Las manzanas de Loki.png,
0366,La metamorfosis de dafne,,Acción,Era I,0,,,,ENFRENTAMIENTO: Prepara a tu personaje.,,GDM/Acciones/La metamorfosis de dafne.png,
0367,Ofrenda del guerrero,,Acción,Era I,1,,,,ENFRENTAMIENTO: Cansa a un personaje enemigo.,,GDM/Acciones/Ofrenda del guerrero.png,
0368,La caja de Pandora,,Acción,Era I,0,,,,INFLUENCIA: Baraja las cartas restantes en tus oráculos; crea 5 nuevos oráculos nuevos y coloca las cartas boca abajo de una en una de izquierda a derecha.,,GDM/Acciones/La caja de Pandora.png,
0369,Canticos de guerra,,Acción,Era I,1,,,,ENFRENTAMIENTO: Destruye tu personaje mortal; elimina 2P de la reserva del contrario.,,GDM/Acciones/Canticos de guerra.png,
0370,Aliento heroico,,Acción,Era I,2,,,Entorno,ENFRENTAMIENTO: Da +1F a todos tus personajes en el campo de batalla,,GDM/Acciones/Aliento heroico.png,
0371,5 doncellas,,Acción,Era I,0,,,,ENFRENTAMIENTO: Elimina 1P de un personaje enemigo.,,GDM/Acciones/5 doncellas.png,
